Owner Principal Name,Last Activity Date,Storage Used (Byte)
e5-user000@acme.example,2026-04-09,9733744766
e5-user001@acme.example,2026-04-09,8492881409
e5-user002@acme.example,2026-04-09,8576582852
e5-user003@acme.example,2026-04-15,9518070736
e5-user004@acme.example,2026-04-13,10506320642
e5-user005@acme.example,2026-04-12,6984775299
e5-user006@acme.example,2026-04-12,6118310835
e5-user007@acme.example,2026-04-09,5388581642
e5-user008@acme.example,2026-04-09,10509576167
e5-user009@acme.example,2026-04-15,10304393425
e5-user010@acme.example,2026-04-12,10600589866
e5-user011@acme.example,2026-04-11,13208480788
e5-user012@acme.example,2026-04-16,10205401230
e5-user013@acme.example,2026-04-09,13013804133
e5-user014@acme.example,2026-04-10,10260933812
e5-user015@acme.example,2026-04-13,4540851238
e5-user016@acme.example,2026-04-16,7057175891
e5-user017@acme.example,2026-04-11,9015982585
e5-user018@acme.example,2026-04-15,14330583054
e5-user019@acme.example,2026-04-15,8878598099
e5-user020@acme.example,2026-04-13,13215163181
e5-user021@acme.example,2026-04-07,5925485069
e5-user022@acme.example,2026-04-07,12100644129
e5-user023@acme.example,2026-04-14,11374412969
e5-user024@acme.example,2026-04-13,11160273229
e5-user025@acme.example,2026-04-16,13703477971
e5-user026@acme.example,2026-04-08,10566577473
e5-user027@acme.example,2026-04-08,6842978361
e5-user028@acme.example,2026-04-12,5390751295
e5-user029@acme.example,2026-04-12,6949255926
e5-user030@acme.example,2026-04-08,15492771826
e5-user031@acme.example,2026-04-15,15919145558
e5-user032@acme.example,2026-04-10,4968275228
e5-user033@acme.example,2026-04-12,15059470181
e5-user034@acme.example,2026-04-14,14393048606
e5-user035@acme.example,2026-04-14,12259037459
e5-user036@acme.example,2026-04-11,6438292238
e5-user037@acme.example,2026-04-10,13896132215
e5-user038@acme.example,2026-04-07,9527853133
e5-user039@acme.example,2026-04-10,11369662969
e5-user040@acme.example,2026-04-15,8055284107
e5-user041@acme.example,2026-04-15,11385457036
e5-user042@acme.example,2026-04-12,8411918161
e5-user043@acme.example,2026-04-11,12172413401
e5-user044@acme.example,2026-04-09,9079934299
e5-user045@acme.example,2026-04-16,7438315735
e5-user046@acme.example,2026-04-15,14417016746
e5-user047@acme.example,2026-04-09,12639211773
e5-user048@acme.example,2026-04-11,11401083615
e5-user049@acme.example,2026-04-08,14174760966
e5-user050@acme.example,2026-04-10,8345755412
e5-user051@acme.example,2026-04-09,13849306484
e5-user052@acme.example,2026-04-12,6681296286
e5-user053@acme.example,2026-04-07,7573167508
e5-user054@acme.example,2026-04-09,4903919574
e5-user055@acme.example,2026-04-16,13378440704
e5-user056@acme.example,2026-04-09,3813195561
e5-user057@acme.example,2026-04-14,3431009099
e5-user058@acme.example,2026-04-16,8907151627
e5-user059@acme.example,2026-04-10,16000963867
e5-user060@acme.example,2026-04-14,5828075711
e5-user061@acme.example,2026-04-12,14587612862
e5-user062@acme.example,2026-04-12,5269634483
e5-user063@acme.example,2026-04-11,4423902014
e5-user064@acme.example,2026-04-11,6447466759
e5-user065@acme.example,2026-04-14,11783356310
e5-user066@acme.example,2026-04-12,3888499430
e5-user067@acme.example,2026-04-13,12575514307
e5-user068@acme.example,2026-04-15,8751824030
e5-user069@acme.example,2026-04-16,12288305673
e5-user070@acme.example,2026-04-15,5971136397
e5-user071@acme.example,2026-04-13,4931049272
e5-user072@acme.example,2026-04-09,9914213729
e5-user073@acme.example,2026-04-11,3340886880
e5-user074@acme.example,2026-04-10,13749595115
e5-user075@acme.example,2026-04-09,12163746828
e5-user076@acme.example,2026-04-10,4133841237
e5-user077@acme.example,2026-04-15,4372247686
e5-user078@acme.example,2026-04-11,4550967102
e5-user079@acme.example,2026-04-14,14572682236
e5-user080@acme.example,2026-04-14,8152548650
e5-user081@acme.example,2026-04-14,11487871199
e5-user082@acme.example,2026-04-07,4102702322
e5-user083@acme.example,2026-04-14,3330421690
e5-user084@acme.example,2026-04-13,8891863329
e5-user085@acme.example,2026-04-14,11313975143
e5-user086@acme.example,2026-04-07,15073971015
e5-user087@acme.example,2026-04-13,12067563210
e5-user088@acme.example,2026-04-15,4338192278
e5-user089@acme.example,2026-04-15,5025281064
e5-user090@acme.example,2026-04-10,10817827558
e5-user091@acme.example,2026-04-10,7750727708
e5-user092@acme.example,2026-04-14,7273574379
e5-user093@acme.example,2026-04-15,6413928602
e5-user094@acme.example,2026-04-07,6418833269
e5-user095@acme.example,2026-04-07,10952267973
e5-user096@acme.example,2026-04-16,6892402154
e5-user097@acme.example,2026-04-12,14146232049
e5-user098@acme.example,2026-04-07,5868373393
e5-user099@acme.example,2026-04-10,9786373746
e3-user000@acme.example,2026-04-12,536870912
e3-user001@acme.example,2026-04-16,536870912
e3-user002@acme.example,2026-04-13,536870912
e3-user003@acme.example,2026-04-09,536870912
e3-user004@acme.example,2026-04-10,536870912
e3-user005@acme.example,2026-04-15,536870912
e3-user006@acme.example,2026-04-13,536870912
e3-user007@acme.example,2026-04-09,536870912
e3-user008@acme.example,2026-04-07,536870912
e3-user009@acme.example,2026-04-15,536870912
e3-user010@acme.example,2026-04-08,536870912
e3-user011@acme.example,2026-04-16,536870912
e3-user012@acme.example,2026-04-11,536870912
e3-user013@acme.example,2026-04-11,536870912
e3-user014@acme.example,2026-04-14,536870912
e3-user015@acme.example,2026-04-10,536870912
e3-user016@acme.example,2026-04-07,536870912
e3-user017@acme.example,2026-04-10,536870912
e3-user018@acme.example,2026-04-11,536870912
e3-user019@acme.example,2026-04-08,536870912
e3-user020@acme.example,2026-04-14,536870912
e3-user021@acme.example,2026-04-09,536870912
e3-user022@acme.example,2026-04-15,536870912
e3-user023@acme.example,2026-04-16,536870912
e3-user024@acme.example,2026-04-07,536870912
e3-user025@acme.example,2026-04-15,536870912
e3-user026@acme.example,2026-04-16,536870912
e3-user027@acme.example,2026-04-12,536870912
e3-user028@acme.example,2026-04-13,536870912
e3-user029@acme.example,2026-04-16,536870912
e3-user030@acme.example,2026-04-16,536870912
e3-user031@acme.example,2026-04-10,536870912
e3-user032@acme.example,2026-04-08,536870912
e3-user033@acme.example,2026-04-12,536870912
e3-user034@acme.example,2026-04-08,536870912
e3-user035@acme.example,2026-04-10,536870912
e3-user036@acme.example,2026-04-10,536870912
e3-user037@acme.example,2026-04-10,536870912
e3-user038@acme.example,2026-04-15,536870912
e3-user039@acme.example,2026-04-08,536870912
e3-user040@acme.example,2026-04-08,536870912
e3-user041@acme.example,2026-04-07,536870912
e3-user042@acme.example,2026-04-14,536870912
e3-user043@acme.example,2026-04-12,536870912
e3-user044@acme.example,2026-04-15,536870912
e3-user045@acme.example,2026-04-12,536870912
e3-user046@acme.example,2026-04-15,536870912
e3-user047@acme.example,2026-04-08,536870912
e3-user048@acme.example,2026-04-13,536870912
e3-user049@acme.example,2026-04-14,536870912
e3-user050@acme.example,2026-04-08,536870912
e3-user051@acme.example,2026-04-11,536870912
e3-user052@acme.example,2026-04-10,536870912
e3-user053@acme.example,2026-04-07,536870912
e3-user054@acme.example,2026-04-15,536870912
e3-user055@acme.example,2026-04-12,536870912
e3-user056@acme.example,2026-04-10,536870912
e3-user057@acme.example,2026-04-13,536870912
e3-user058@acme.example,2026-04-16,536870912
e3-user059@acme.example,2026-04-13,536870912
e3-user060@acme.example,2026-04-15,536870912
e3-user061@acme.example,2026-04-10,536870912
e3-user062@acme.example,2026-04-15,536870912
e3-user063@acme.example,2026-04-09,536870912
e3-user064@acme.example,2026-04-07,536870912
e3-user065@acme.example,2026-04-07,536870912
e3-user066@acme.example,2026-04-16,536870912
e3-user067@acme.example,2026-04-12,536870912
e3-user068@acme.example,2026-04-14,536870912
e3-user069@acme.example,2026-04-15,536870912
e3-user070@acme.example,2026-04-16,536870912
e3-user071@acme.example,2026-04-14,536870912
e3-user072@acme.example,2026-04-16,536870912
e3-user073@acme.example,2026-04-14,536870912
e3-user074@acme.example,2026-04-09,536870912
e3-user075@acme.example,2026-04-11,536870912
e3-user076@acme.example,2026-04-08,536870912
e3-user077@acme.example,2026-04-08,536870912
e3-user078@acme.example,2026-04-12,536870912
e3-user079@acme.example,2026-04-14,536870912
e3-user080@acme.example,2026-04-12,8012726604
e3-user081@acme.example,2026-04-15,12665031829
e3-user082@acme.example,2026-04-16,13161029078
e3-user083@acme.example,2026-04-10,7537809677
e3-user084@acme.example,2026-04-15,6725668754
e3-user085@acme.example,2026-04-07,6609305924
e3-user086@acme.example,2026-04-09,11306924455
e3-user087@acme.example,2026-04-11,9086404177
e3-user088@acme.example,2026-04-07,3935552975
e3-user089@acme.example,2026-04-14,5371475843
e3-user090@acme.example,2026-04-15,6508371146
e3-user091@acme.example,2026-04-15,14743786327
e3-user092@acme.example,2026-04-08,6164194055
e3-user093@acme.example,2026-04-16,3254320420
e3-user094@acme.example,2026-04-09,6372246916
e3-user095@acme.example,2026-04-14,7911026916
e3-user096@acme.example,2026-04-16,5527119545
e3-user097@acme.example,2026-04-10,10344834029
e3-user098@acme.example,2026-04-13,6114083262
e3-user099@acme.example,2026-04-11,8584650903
e3-user100@acme.example,2026-04-15,6716357647
e3-user101@acme.example,2026-04-15,10585410275
e3-user102@acme.example,2026-04-16,9689973760
e3-user103@acme.example,2026-04-08,5532059829
e3-user104@acme.example,2026-04-10,15866646820
e3-user105@acme.example,2026-04-09,4109335860
e3-user106@acme.example,2026-04-12,14379965787
e3-user107@acme.example,2026-04-08,7438465736
e3-user108@acme.example,2026-04-11,9106355136
e3-user109@acme.example,2026-04-07,5806853595
e3-user110@acme.example,2026-04-07,13329523997
e3-user111@acme.example,2026-04-11,6346896428
e3-user112@acme.example,2026-04-09,10845105117
e3-user113@acme.example,2026-04-13,16077614570
e3-user114@acme.example,2026-04-08,12658943702
e3-user115@acme.example,2026-04-13,13019964268
e3-user116@acme.example,2026-04-10,5161258464
e3-user117@acme.example,2026-04-08,3529306774
e3-user118@acme.example,2026-04-16,7684860829
e3-user119@acme.example,2026-04-16,15474641696
e3-user120@acme.example,2026-04-10,12999953151
e3-user121@acme.example,2026-04-12,14160584326
e3-user122@acme.example,2026-04-08,4560598387
e3-user123@acme.example,2026-04-10,15888575350
e3-user124@acme.example,2026-04-16,9560969276
e3-user125@acme.example,2026-04-14,15752555807
e3-user126@acme.example,2026-04-15,12390797786
e3-user127@acme.example,2026-04-13,3786876088
e3-user128@acme.example,2026-04-08,14782686513
e3-user129@acme.example,2026-04-11,8543421859
e3-user130@acme.example,2026-04-15,9128412189
e3-user131@acme.example,2026-04-08,10704398025
e3-user132@acme.example,2026-04-10,4941538333
e3-user133@acme.example,2026-04-07,4185408920
e3-user134@acme.example,2026-04-14,4023734057
e3-user135@acme.example,2026-04-12,6272006044
e3-user136@acme.example,2026-04-10,14185165086
e3-user137@acme.example,2026-04-11,12250006159
e3-user138@acme.example,2026-04-12,7319367979
e3-user139@acme.example,2026-04-13,6231283207
e3-user140@acme.example,2026-04-07,4975013258
e3-user141@acme.example,2026-04-15,4625329742
e3-user142@acme.example,2026-04-09,5339180971
e3-user143@acme.example,2026-04-15,7267513575
e3-user144@acme.example,2026-04-13,10126560706
e3-user145@acme.example,2026-04-09,9044132669
e3-user146@acme.example,2026-04-15,6635826609
e3-user147@acme.example,2026-04-12,4386289743
e3-user148@acme.example,2026-04-07,13869136867
e3-user149@acme.example,2026-04-11,3740871092
e3-user150@acme.example,2026-04-13,5132363048
e3-user151@acme.example,2026-04-10,15698964514
e3-user152@acme.example,2026-04-12,9837103012
e3-user153@acme.example,2026-04-14,6573449070
e3-user154@acme.example,2026-04-10,3621715195
e3-user155@acme.example,2026-04-08,14232679435
e3-user156@acme.example,2026-04-13,12860142868
e3-user157@acme.example,2026-04-15,4441751372
e3-user158@acme.example,2026-04-14,13579356268
e3-user159@acme.example,2026-04-16,4786138753
e3-user160@acme.example,2026-04-13,13920491498
e3-user161@acme.example,2026-04-10,4905478483
e3-user162@acme.example,2026-04-15,8017498049
e3-user163@acme.example,2026-04-12,10724410520
e3-user164@acme.example,2026-04-15,15042202734
e3-user165@acme.example,2026-04-15,3502118687
e3-user166@acme.example,2026-04-09,5769219158
e3-user167@acme.example,2026-04-15,13648959372
e3-user168@acme.example,2026-04-11,14883066321
e3-user169@acme.example,2026-04-09,4799982340
e3-user170@acme.example,2026-04-07,3873687280
e3-user171@acme.example,2026-04-10,8802402894
e3-user172@acme.example,2026-04-10,9613765346
e3-user173@acme.example,2026-04-14,12024356872
e3-user174@acme.example,2026-04-14,7781749556
e3-user175@acme.example,2026-04-09,6764338586
e3-user176@acme.example,2026-04-16,14604054446
e3-user177@acme.example,2026-04-07,11133928475
e3-user178@acme.example,2026-04-12,6388138238
e3-user179@acme.example,2026-04-08,9649394919
e3-user180@acme.example,2026-04-15,9393492005
e3-user181@acme.example,2026-04-14,6826111620
e3-user182@acme.example,2026-04-08,8623025011
e3-user183@acme.example,2026-04-08,6431469852
e3-user184@acme.example,2026-04-10,13462741345
e3-user185@acme.example,2026-04-11,13296133412
e3-user186@acme.example,2026-04-09,9401912404
e3-user187@acme.example,2026-04-07,7654071351
e3-user188@acme.example,2026-04-10,9694513278
e3-user189@acme.example,2026-04-16,6705762737
e3-user190@acme.example,2026-04-13,7329931641
e3-user191@acme.example,2026-04-12,3598797685
e3-user192@acme.example,2026-04-09,3976167725
e3-user193@acme.example,2026-04-07,10042908610
e3-user194@acme.example,2026-04-14,16101047446
e3-user195@acme.example,2026-04-13,4511446583
e3-user196@acme.example,2026-04-16,6655399731
e3-user197@acme.example,2026-04-13,13065931199
e3-user198@acme.example,2026-04-10,10638961809
e3-user199@acme.example,2026-04-14,7792848377
disabled-user000@acme.example,2026-04-07,5490261430
disabled-user001@acme.example,2026-04-11,7318680557
disabled-user002@acme.example,2026-04-16,14997768152
disabled-user003@acme.example,2026-04-11,12285146851
disabled-user004@acme.example,2026-04-07,15430426806
disabled-user005@acme.example,2026-04-13,5052199542
disabled-user006@acme.example,2026-04-09,14001982174
disabled-user007@acme.example,2026-04-14,10206447773
disabled-user008@acme.example,2026-04-15,9540450627
disabled-user009@acme.example,2026-04-07,3944944342
disabled-user010@acme.example,2026-04-08,6040557217
disabled-user011@acme.example,2026-04-11,9380066688
disabled-user012@acme.example,2026-04-13,15048227770
disabled-user013@acme.example,2026-04-11,13612195500
disabled-user014@acme.example,2026-04-11,12458896529
disabled-user015@acme.example,2026-04-14,3988598210
disabled-user016@acme.example,2026-04-14,10779627139
disabled-user017@acme.example,2026-04-08,13198861834
disabled-user018@acme.example,2026-04-15,14310867107
disabled-user019@acme.example,2026-04-10,8034906019
disabled-user020@acme.example,2026-04-11,10771992681
disabled-user021@acme.example,2026-04-14,7109439870
disabled-user022@acme.example,2026-04-10,15795094479
disabled-user023@acme.example,2026-04-09,13424038717
disabled-user024@acme.example,2026-04-14,11585849502
copilot-user000@acme.example,2026-04-08,12333208028
copilot-user001@acme.example,2026-04-07,12157683157
copilot-user002@acme.example,2026-04-13,13361537506
copilot-user003@acme.example,2026-04-14,11796535736
copilot-user004@acme.example,2026-04-12,8096667581
copilot-user005@acme.example,2026-04-16,4862096657
copilot-user006@acme.example,2026-04-07,15446267107
copilot-user007@acme.example,2026-04-07,8266971441
copilot-user008@acme.example,2026-04-07,3638473937
copilot-user009@acme.example,2026-04-07,7321419160
copilot-user010@acme.example,2026-04-07,6067439101
copilot-user011@acme.example,2026-04-09,4562675609
copilot-user012@acme.example,2026-04-15,5033401471
copilot-user013@acme.example,2026-04-11,6287779617
copilot-user014@acme.example,2026-04-15,5384438365
copilot-user015@acme.example,2026-04-11,13808257220
copilot-user016@acme.example,2026-04-12,8976008353
copilot-user017@acme.example,2026-04-15,5922986903
copilot-user018@acme.example,2026-04-15,7737140856
copilot-user019@acme.example,2026-04-16,12503683872
copilot-user020@acme.example,2026-04-10,8193987114
copilot-user021@acme.example,2026-04-10,15708007407
copilot-user022@acme.example,2026-04-10,9574538580
copilot-user023@acme.example,2026-04-10,7746804628
copilot-user024@acme.example,2026-04-09,4528122511
copilot-user025@acme.example,2026-04-07,13383934066
copilot-user026@acme.example,2026-04-13,11608904424
copilot-user027@acme.example,2026-04-15,5317038667
copilot-user028@acme.example,2026-04-16,13518769041
copilot-user029@acme.example,2026-04-11,7021094017
copilot-user030@acme.example,2026-04-15,6585830395
copilot-user031@acme.example,2026-04-14,4177290368
copilot-user032@acme.example,2026-04-14,14662132740
copilot-user033@acme.example,2026-04-08,12652781479
copilot-user034@acme.example,2026-04-15,15356666006
copilot-user035@acme.example,2026-04-07,7575685593
copilot-user036@acme.example,2026-04-16,14730357070
copilot-user037@acme.example,2026-04-14,8778784314
copilot-user038@acme.example,2026-04-10,11046453493
copilot-user039@acme.example,2026-04-15,5245492229
copilot-user040@acme.example,2026-04-13,7487346643
copilot-user041@acme.example,2026-04-08,8494756386
copilot-user042@acme.example,2026-04-08,12524615608
copilot-user043@acme.example,2026-04-12,6639135999
copilot-user044@acme.example,2026-04-15,7053203638
copilot-user045@acme.example,2026-04-07,3860773285
copilot-user046@acme.example,2026-04-09,10303574576
copilot-user047@acme.example,2026-04-11,5200216709
copilot-user048@acme.example,2026-04-15,3270388745
copilot-user049@acme.example,2026-04-07,7016466223
copilot-user050@acme.example,2026-04-15,9410209747
copilot-user051@acme.example,2026-04-14,3552827347
copilot-user052@acme.example,2026-04-15,11444249500
copilot-user053@acme.example,2026-04-15,9323136849
copilot-user054@acme.example,2026-04-10,7194328779
copilot-user055@acme.example,2026-04-12,9289298542
copilot-user056@acme.example,2026-04-08,4395515197
copilot-user057@acme.example,2026-04-11,8214474353
copilot-user058@acme.example,2026-04-11,14630711940
copilot-user059@acme.example,2026-04-16,5625328362
copilot-user060@acme.example,2026-04-09,6613768170
copilot-user061@acme.example,2026-04-12,6615119061
copilot-user062@acme.example,2026-04-14,10491487397
copilot-user063@acme.example,2026-04-15,12913701474
copilot-user064@acme.example,2026-04-11,4325555776
copilot-user065@acme.example,2026-04-10,13634547507
copilot-user066@acme.example,2026-04-07,15728671080
copilot-user067@acme.example,2026-04-16,6152705045
copilot-user068@acme.example,2026-04-08,14054814469
copilot-user069@acme.example,2026-04-08,8615258684
copilot-user070@acme.example,2026-04-09,12074028371
copilot-user071@acme.example,2026-04-13,10600592916
copilot-user072@acme.example,2026-04-15,9357818236
copilot-user073@acme.example,2026-04-16,8308240982
copilot-user074@acme.example,2026-04-08,9690753654
copilot-user075@acme.example,2026-04-07,13534949526
copilot-user076@acme.example,2026-04-09,5121074027
copilot-user077@acme.example,2026-04-14,5448754075
copilot-user078@acme.example,2026-04-13,15747474548
copilot-user079@acme.example,2026-04-10,4847119684
copilot-user080@acme.example,2026-04-10,4230996190
copilot-user081@acme.example,2026-04-14,5822935583
copilot-user082@acme.example,2026-04-12,13968626745
copilot-user083@acme.example,2026-04-15,7341166263
copilot-user084@acme.example,2026-04-08,4342565509
copilot-user085@acme.example,2026-04-11,8341105588
copilot-user086@acme.example,2026-04-08,14258743994
copilot-user087@acme.example,2026-04-16,9124535800
copilot-user088@acme.example,2026-04-07,13355853283
copilot-user089@acme.example,2026-04-10,10792085714
copilot-user090@acme.example,2026-04-14,4671019719
copilot-user091@acme.example,2026-04-07,5130764598
copilot-user092@acme.example,2026-04-15,10728962568
copilot-user093@acme.example,2026-04-07,15138834154
copilot-user094@acme.example,2026-04-12,13265582409
copilot-user095@acme.example,2026-04-11,14398559187
copilot-user096@acme.example,2026-04-12,14532797895
copilot-user097@acme.example,2026-04-09,8156703038
copilot-user098@acme.example,2026-04-09,10591688794
copilot-user099@acme.example,2026-04-12,3703966960
phone-user000@acme.example,2026-04-07,8413505389
phone-user001@acme.example,2026-04-10,11063688833
phone-user002@acme.example,2026-04-11,3720934597
phone-user003@acme.example,2026-04-16,12118427446
phone-user004@acme.example,2026-04-12,12830138733
phone-user005@acme.example,2026-04-16,14779386563
phone-user006@acme.example,2026-04-12,7574596782
phone-user007@acme.example,2026-04-09,7227776666
phone-user008@acme.example,2026-04-15,14279496450
phone-user009@acme.example,2026-04-13,15751749299
phone-user010@acme.example,2026-04-09,4952769724
phone-user011@acme.example,2026-04-11,13194537679
phone-user012@acme.example,2026-04-10,6692675493
phone-user013@acme.example,2026-04-15,11016322237
phone-user014@acme.example,2026-04-13,5642758410
phone-user015@acme.example,2026-04-10,14990717551
phone-user016@acme.example,2026-04-08,12768226510
phone-user017@acme.example,2026-04-16,14394870275
phone-user018@acme.example,2026-04-14,9860425035
phone-user019@acme.example,2026-04-08,4066693661
phone-user020@acme.example,2026-04-08,8418803437
phone-user021@acme.example,2026-04-16,14551339638
phone-user022@acme.example,2026-04-13,5459814258
phone-user023@acme.example,2026-04-13,14005587845
phone-user024@acme.example,2026-04-16,3647342635
phone-user025@acme.example,2026-04-13,15049965730
phone-user026@acme.example,2026-04-09,6751398659
phone-user027@acme.example,2026-04-15,9729729254
phone-user028@acme.example,2026-04-13,11998090274
phone-user029@acme.example,2026-04-07,8020423150
phone-user030@acme.example,2026-04-09,8969224433
phone-user031@acme.example,2026-04-11,10783119892
phone-user032@acme.example,2026-04-12,7656840111
phone-user033@acme.example,2026-04-15,12871516207
phone-user034@acme.example,2026-04-10,6894316418
phone-user035@acme.example,2026-04-07,3860974287
phone-user036@acme.example,2026-04-13,13269260252
phone-user037@acme.example,2026-04-13,14265019029
phone-user038@acme.example,2026-04-12,11953262227
phone-user039@acme.example,2026-04-08,11616864327
phone-user040@acme.example,2026-04-16,3479598131
phone-user041@acme.example,2026-04-14,9329921463
phone-user042@acme.example,2026-04-07,11562544432
phone-user043@acme.example,2026-04-13,13540289952
phone-user044@acme.example,2026-04-12,6473251546
phone-user045@acme.example,2026-04-12,12404816732
phone-user046@acme.example,2026-04-10,8681934517
phone-user047@acme.example,2026-04-09,14193829761
phone-user048@acme.example,2026-04-09,6468204116
phone-user049@acme.example,2026-04-08,7114335329
